user_id,username,tag_name
3,Harley_Lind18,beach
5,Aniya_Hackett,beach
6,Travon.Waters,beach
8,Tabitha_Schamberger11,beach
14,Jaclyn81,beach
17,Norbert_Carroll35,beach
19,Hailee26,beach
21,Rocio33,beach
24,Maxwell.Halvorson,beach
26,Josianne.Friesen,beach
27,Darwin29,beach
30,Kaley9,beach
31,Aiyana_Hoeger,beach
33,Yvette.Gottlieb91,beach
36,Ollie_Ledner37,beach
38,Jordyn.Jacobson2,beach
40,Rafael.Hickle2,beach
41,Mckenna17,beach
44,Seth46,beach
52,Zack_Kemmer93,beach
54,Duane60,beach
56,Peter.Stehr0,beach
57,Julien_Schmidt,beach
62,Ressie_Stanton46,beach
63,Elenor88,beach
66,Mike.Auer39,beach
71,Nia_Haag,beach
75,Leslie67,beach
76,Janelle.Nikolaus81,beach
82,Aracely.Johnston98,beach
87,Rick29,beach
91,Bethany20,beach
92,Frederik_Rice,beach
94,Damon35,beach
95,Nicole71,beach
96,Keenan.Schamberger60,beach
11,Justina.Gaylord27,beach
13,Alexandro35,beach
16,Annalise.McKenzie16,beach
28,Dario77,beach
32,Irwin.Larson,beach
35,Lennie_Hartmann40,beach
37,Yazmin_Mills95,beach
42,Maya.Farrell,beach
48,Granville_Kutch,beach
61,Jayson65,beach
69,Karley_Bosco,beach
79,Katarina.Dibbert,beach
84,Alysa22,beach
98,Imani_Nicolas17,beach
9,Gus93,beach
10,Presley_McClure,beach
18,Odessa2,beach
20,Delpha.Kihn,beach
22,Kenneth64,beach
43,Janet.Armstrong,beach
65,Adelle96,beach
73,Jaylan.Lakin,beach
97,Tomas.Beatty93,beach
15,Billy52,beach
47,Harrison.Beatty50,beach
70,Erick5,beach
78,Colten.Harris76,beach
4,Arely_Bogan63,beach
12,Dereck65,beach
46,Malinda_Streich,beach
60,Sam52,beach
93,Willie_Leuschke,beach
39,Kelsi26,beach
67,Emilio_Bernier52,beach
85,Milford_Gleichner42,beach
99,Alek_Watsica,beach
50,Gerard79,beach
100,Javonte83,beach
72,Kathryn80,beach
55,Meggie_Doyle,beach
2,Andre_Purdy85,beach
4,Arely_Bogan63,beauty
5,Aniya_Hackett,beauty
12,Dereck65,beauty
14,Jaclyn81,beauty
15,Billy52,beauty
20,Delpha.Kihn,beauty
21,Rocio33,beauty
24,Maxwell.Halvorson,beauty
27,Darwin29,beauty
28,Dario77,beauty
33,Yvette.Gottlieb91,beauty
36,Ollie_Ledner37,beauty
37,Yazmin_Mills95,beauty
41,Mckenna17,beauty
42,Maya.Farrell,beauty
43,Janet.Armstrong,beauty
44,Seth46,beauty
46,Malinda_Streich,beauty
50,Gerard79,beauty
52,Zack_Kemmer93,beauty
54,Duane60,beauty
57,Julien_Schmidt,beauty
60,Sam52,beauty
61,Jayson65,beauty
65,Adelle96,beauty
66,Mike.Auer39,beauty
69,Karley_Bosco,beauty
70,Erick5,beauty
71,Nia_Haag,beauty
75,Leslie67,beauty
76,Janelle.Nikolaus81,beauty
82,Aracely.Johnston98,beauty
87,Rick29,beauty
91,Bethany20,beauty
93,Willie_Leuschke,beauty
95,Nicole71,beauty
99,Alek_Watsica,beauty
100,Javonte83,beauty
2,Andre_Purdy85,beauty
10,Presley_McClure,beauty
13,Alexandro35,beauty
16,Annalise.McKenzie16,beauty
17,Norbert_Carroll35,beauty
19,Hailee26,beauty
22,Kenneth64,beauty
32,Irwin.Larson,beauty
35,Lennie_Hartmann40,beauty
78,Colten.Harris76,beauty
84,Alysa22,beauty
92,Frederik_Rice,beauty
94,Damon35,beauty
98,Imani_Nicolas17,beauty
3,Harley_Lind18,beauty
8,Tabitha_Schamberger11,beauty
26,Josianne.Friesen,beauty
47,Harrison.Beatty50,beauty
56,Peter.Stehr0,beauty
73,Jaylan.Lakin,beauty
6,Travon.Waters,beauty
38,Jordyn.Jacobson2,beauty
11,Justina.Gaylord27,beauty
39,Kelsi26,beauty
62,Ressie_Stanton46,beauty
63,Elenor88,beauty
67,Emilio_Bernier52,beauty
85,Milford_Gleichner42,beauty
96,Keenan.Schamberger60,beauty
9,Gus93,beauty
72,Kathryn80,beauty
31,Aiyana_Hoeger,beauty
97,Tomas.Beatty93,beauty
18,Odessa2,beauty
30,Kaley9,beauty
40,Rafael.Hickle2,beauty
55,Meggie_Doyle,beauty
79,Katarina.Dibbert,beauty
48,Granville_Kutch,beauty
2,Andre_Purdy85,concert
5,Aniya_Hackett,concert
9,Gus93,concert
10,Presley_McClure,concert
11,Justina.Gaylord27,concert
14,Jaclyn81,concert
19,Hailee26,concert
21,Rocio33,concert
24,Maxwell.Halvorson,concert
35,Lennie_Hartmann40,concert
36,Ollie_Ledner37,concert
41,Mckenna17,concert
46,Malinda_Streich,concert
47,Harrison.Beatty50,concert
54,Duane60,concert
55,Meggie_Doyle,concert
57,Julien_Schmidt,concert
66,Mike.Auer39,concert
69,Karley_Bosco,concert
71,Nia_Haag,concert
75,Leslie67,concert
76,Janelle.Nikolaus81,concert
78,Colten.Harris76,concert
82,Aracely.Johnston98,concert
91,Bethany20,concert
3,Harley_Lind18,concert
6,Travon.Waters,concert
15,Billy52,concert
16,Annalise.McKenzie16,concert
26,Josianne.Friesen,concert
33,Yvette.Gottlieb91,concert
48,Granville_Kutch,concert
50,Gerard79,concert
56,Peter.Stehr0,concert
62,Ressie_Stanton46,concert
73,Jaylan.Lakin,concert
79,Katarina.Dibbert,concert
95,Nicole71,concert
96,Keenan.Schamberger60,concert
100,Javonte83,concert
4,Arely_Bogan63,concert
27,Darwin29,concert
28,Dario77,concert
30,Kaley9,concert
37,Yazmin_Mills95,concert
44,Seth46,concert
52,Zack_Kemmer93,concert
60,Sam52,concert
61,Jayson65,concert
63,Elenor88,concert
65,Adelle96,concert
93,Willie_Leuschke,concert
94,Damon35,concert
97,Tomas.Beatty93,concert
98,Imani_Nicolas17,concert
99,Alek_Watsica,concert
12,Dereck65,concert
22,Kenneth64,concert
38,Jordyn.Jacobson2,concert
42,Maya.Farrell,concert
70,Erick5,concert
85,Milford_Gleichner42,concert
87,Rick29,concert
92,Frederik_Rice,concert
17,Norbert_Carroll35,concert
32,Irwin.Larson,concert
40,Rafael.Hickle2,concert
18,Odessa2,concert
8,Tabitha_Schamberger11,concert
13,Alexandro35,concert
20,Delpha.Kihn,concert
43,Janet.Armstrong,concert
67,Emilio_Bernier52,concert
72,Kathryn80,concert
39,Kelsi26,concert
84,Alysa22,concert
31,Aiyana_Hoeger,concert
4,Arely_Bogan63,delicious
5,Aniya_Hackett,delicious
8,Tabitha_Schamberger11,delicious
13,Alexandro35,delicious
14,Jaclyn81,delicious
16,Annalise.McKenzie16,delicious
17,Norbert_Carroll35,delicious
21,Rocio33,delicious
22,Kenneth64,delicious
24,Maxwell.Halvorson,delicious
26,Josianne.Friesen,delicious
30,Kaley9,delicious
35,Lennie_Hartmann40,delicious
36,Ollie_Ledner37,delicious
41,Mckenna17,delicious
46,Malinda_Streich,delicious
54,Duane60,delicious
57,Julien_Schmidt,delicious
61,Jayson65,delicious
66,Mike.Auer39,delicious
69,Karley_Bosco,delicious
71,Nia_Haag,delicious
75,Leslie67,delicious
76,Janelle.Nikolaus81,delicious
79,Katarina.Dibbert,delicious
91,Bethany20,delicious
94,Damon35,delicious
97,Tomas.Beatty93,delicious
2,Andre_Purdy85,delicious
3,Harley_Lind18,delicious
6,Travon.Waters,delicious
9,Gus93,delicious
18,Odessa2,delicious
27,Darwin29,delicious
32,Irwin.Larson,delicious
33,Yvette.Gottlieb91,delicious
38,Jordyn.Jacobson2,delicious
39,Kelsi26,delicious
42,Maya.Farrell,delicious
47,Harrison.Beatty50,delicious
55,Meggie_Doyle,delicious
63,Elenor88,delicious
67,Emilio_Bernier52,delicious
70,Erick5,delicious
72,Kathryn80,delicious
73,Jaylan.Lakin,delicious
85,Milford_Gleichner42,delicious
87,Rick29,delicious
92,Frederik_Rice,delicious
98,Imani_Nicolas17,delicious
100,Javonte83,delicious
15,Billy52,delicious
31,Aiyana_Hoeger,delicious
43,Janet.Armstrong,delicious
84,Alysa22,delicious
95,Nicole71,delicious
99,Alek_Watsica,delicious
20,Delpha.Kihn,delicious
40,Rafael.Hickle2,delicious
44,Seth46,delicious
62,Ressie_Stanton46,delicious
65,Adelle96,delicious
93,Willie_Leuschke,delicious
96,Keenan.Schamberger60,delicious
37,Yazmin_Mills95,delicious
50,Gerard79,delicious
12,Dereck65,delicious
48,Granville_Kutch,delicious
52,Zack_Kemmer93,delicious
78,Colten.Harris76,delicious
82,Aracely.Johnston98,delicious
11,Justina.Gaylord27,delicious
28,Dario77,delicious
19,Hailee26,delicious
56,Peter.Stehr0,delicious
60,Sam52,delicious
10,Presley_McClure,delicious
2,Andre_Purdy85,dreamy
5,Aniya_Hackett,dreamy
10,Presley_McClure,dreamy
13,Alexandro35,dreamy
14,Jaclyn81,dreamy
15,Billy52,dreamy
16,Annalise.McKenzie16,dreamy
17,Norbert_Carroll35,dreamy
19,Hailee26,dreamy
21,Rocio33,dreamy
22,Kenneth64,dreamy
24,Maxwell.Halvorson,dreamy
27,Darwin29,dreamy
32,Irwin.Larson,dreamy
35,Lennie_Hartmann40,dreamy
36,Ollie_Ledner37,dreamy
41,Mckenna17,dreamy
44,Seth46,dreamy
46,Malinda_Streich,dreamy
54,Duane60,dreamy
57,Julien_Schmidt,dreamy
60,Sam52,dreamy
61,Jayson65,dreamy
66,Mike.Auer39,dreamy
69,Karley_Bosco,dreamy
71,Nia_Haag,dreamy
75,Leslie67,dreamy
76,Janelle.Nikolaus81,dreamy
78,Colten.Harris76,dreamy
84,Alysa22,dreamy
91,Bethany20,dreamy
92,Frederik_Rice,dreamy
94,Damon35,dreamy
95,Nicole71,dreamy
98,Imani_Nicolas17,dreamy
100,Javonte83,dreamy
3,Harley_Lind18,dreamy
8,Tabitha_Schamberger11,dreamy
26,Josianne.Friesen,dreamy
47,Harrison.Beatty50,dreamy
52,Zack_Kemmer93,dreamy
56,Peter.Stehr0,dreamy
65,Adelle96,dreamy
70,Erick5,dreamy
73,Jaylan.Lakin,dreamy
87,Rick29,dreamy
6,Travon.Waters,dreamy
9,Gus93,dreamy
12,Dereck65,dreamy
20,Delpha.Kihn,dreamy
30,Kaley9,dreamy
40,Rafael.Hickle2,dreamy
43,Janet.Armstrong,dreamy
50,Gerard79,dreamy
72,Kathryn80,dreamy
79,Katarina.Dibbert,dreamy
11,Justina.Gaylord27,dreamy
28,Dario77,dreamy
38,Jordyn.Jacobson2,dreamy
39,Kelsi26,dreamy
62,Ressie_Stanton46,dreamy
63,Elenor88,dreamy
67,Emilio_Bernier52,dreamy
85,Milford_Gleichner42,dreamy
96,Keenan.Schamberger60,dreamy
99,Alek_Watsica,dreamy
18,Odessa2,dreamy
31,Aiyana_Hoeger,dreamy
37,Yazmin_Mills95,dreamy
82,Aracely.Johnston98,dreamy
93,Willie_Leuschke,dreamy
97,Tomas.Beatty93,dreamy
48,Granville_Kutch,dreamy
55,Meggie_Doyle,dreamy
42,Maya.Farrell,dreamy
4,Arely_Bogan63,dreamy
33,Yvette.Gottlieb91,dreamy
2,Andre_Purdy85,drunk
5,Aniya_Hackett,drunk
9,Gus93,drunk
10,Presley_McClure,drunk
11,Justina.Gaylord27,drunk
14,Jaclyn81,drunk
19,Hailee26,drunk
21,Rocio33,drunk
24,Maxwell.Halvorson,drunk
35,Lennie_Hartmann40,drunk
36,Ollie_Ledner37,drunk
41,Mckenna17,drunk
46,Malinda_Streich,drunk
47,Harrison.Beatty50,drunk
54,Duane60,drunk
55,Meggie_Doyle,drunk
57,Julien_Schmidt,drunk
66,Mike.Auer39,drunk
69,Karley_Bosco,drunk
71,Nia_Haag,drunk
75,Leslie67,drunk
76,Janelle.Nikolaus81,drunk
78,Colten.Harris76,drunk
82,Aracely.Johnston98,drunk
91,Bethany20,drunk
4,Arely_Bogan63,drunk
16,Annalise.McKenzie16,drunk
27,Darwin29,drunk
30,Kaley9,drunk
31,Aiyana_Hoeger,drunk
32,Irwin.Larson,drunk
38,Jordyn.Jacobson2,drunk
43,Janet.Armstrong,drunk
61,Jayson65,drunk
62,Ressie_Stanton46,drunk
85,Milford_Gleichner42,drunk
87,Rick29,drunk
93,Willie_Leuschke,drunk
94,Damon35,drunk
100,Javonte83,drunk
22,Kenneth64,drunk
33,Yvette.Gottlieb91,drunk
37,Yazmin_Mills95,drunk
52,Zack_Kemmer93,drunk
70,Erick5,drunk
73,Jaylan.Lakin,drunk
92,Frederik_Rice,drunk
97,Tomas.Beatty93,drunk
6,Travon.Waters,drunk
13,Alexandro35,drunk
18,Odessa2,drunk
20,Delpha.Kihn,drunk
28,Dario77,drunk
40,Rafael.Hickle2,drunk
42,Maya.Farrell,drunk
44,Seth46,drunk
48,Granville_Kutch,drunk
60,Sam52,drunk
65,Adelle96,drunk
79,Katarina.Dibbert,drunk
95,Nicole71,drunk
98,Imani_Nicolas17,drunk
99,Alek_Watsica,drunk
63,Elenor88,drunk
3,Harley_Lind18,drunk
12,Dereck65,drunk
15,Billy52,drunk
50,Gerard79,drunk
96,Keenan.Schamberger60,drunk
8,Tabitha_Schamberger11,drunk
67,Emilio_Bernier52,drunk
72,Kathryn80,drunk
17,Norbert_Carroll35,drunk
39,Kelsi26,drunk
56,Peter.Stehr0,drunk
84,Alysa22,drunk
26,Josianne.Friesen,drunk
4,Arely_Bogan63,fashion
5,Aniya_Hackett,fashion
6,Travon.Waters,fashion
11,Justina.Gaylord27,fashion
14,Jaclyn81,fashion
17,Norbert_Carroll35,fashion
21,Rocio33,fashion
24,Maxwell.Halvorson,fashion
26,Josianne.Friesen,fashion
28,Dario77,fashion
32,Irwin.Larson,fashion
33,Yvette.Gottlieb91,fashion
36,Ollie_Ledner37,fashion
37,Yazmin_Mills95,fashion
41,Mckenna17,fashion
42,Maya.Farrell,fashion
43,Janet.Armstrong,fashion
44,Seth46,fashion
47,Harrison.Beatty50,fashion
54,Duane60,fashion
55,Meggie_Doyle,fashion
57,Julien_Schmidt,fashion
66,Mike.Auer39,fashion
71,Nia_Haag,fashion
75,Leslie67,fashion
76,Janelle.Nikolaus81,fashion
78,Colten.Harris76,fashion
82,Aracely.Johnston98,fashion
91,Bethany20,fashion
92,Frederik_Rice,fashion
99,Alek_Watsica,fashion
8,Tabitha_Schamberger11,fashion
15,Billy52,fashion
16,Annalise.McKenzie16,fashion
22,Kenneth64,fashion
30,Kaley9,fashion
31,Aiyana_Hoeger,fashion
35,Lennie_Hartmann40,fashion
40,Rafael.Hickle2,fashion
52,Zack_Kemmer93,fashion
61,Jayson65,fashion
65,Adelle96,fashion
69,Karley_Bosco,fashion
73,Jaylan.Lakin,fashion
79,Katarina.Dibbert,fashion
84,Alysa22,fashion
87,Rick29,fashion
3,Harley_Lind18,fashion
10,Presley_McClure,fashion
18,Odessa2,fashion
19,Hailee26,fashion
20,Delpha.Kihn,fashion
39,Kelsi26,fashion
50,Gerard79,fashion
67,Emilio_Bernier52,fashion
85,Milford_Gleichner42,fashion
93,Willie_Leuschke,fashion
98,Imani_Nicolas17,fashion
100,Javonte83,fashion
12,Dereck65,fashion
13,Alexandro35,fashion
27,Darwin29,fashion
48,Granville_Kutch,fashion
96,Keenan.Schamberger60,fashion
9,Gus93,fashion
60,Sam52,fashion
94,Damon35,fashion
97,Tomas.Beatty93,fashion
63,Elenor88,fashion
72,Kathryn80,fashion
2,Andre_Purdy85,fashion
38,Jordyn.Jacobson2,fashion
56,Peter.Stehr0,fashion
62,Ressie_Stanton46,fashion
70,Erick5,fashion
95,Nicole71,fashion
46,Malinda_Streich,fashion
4,Arely_Bogan63,food
5,Aniya_Hackett,food
6,Travon.Waters,food
10,Presley_McClure,food
13,Alexandro35,food
14,Jaclyn81,food
20,Delpha.Kihn,food
21,Rocio33,food
24,Maxwell.Halvorson,food
28,Dario77,food
31,Aiyana_Hoeger,food
36,Ollie_Ledner37,food
38,Jordyn.Jacobson2,food
40,Rafael.Hickle2,food
41,Mckenna17,food
42,Maya.Farrell,food
50,Gerard79,food
52,Zack_Kemmer93,food
54,Duane60,food
55,Meggie_Doyle,food
57,Julien_Schmidt,food
60,Sam52,food
61,Jayson65,food
62,Ressie_Stanton46,food
66,Mike.Auer39,food
69,Karley_Bosco,food
71,Nia_Haag,food
72,Kathryn80,food
75,Leslie67,food
76,Janelle.Nikolaus81,food
85,Milford_Gleichner42,food
91,Bethany20,food
92,Frederik_Rice,food
94,Damon35,food
95,Nicole71,food
8,Tabitha_Schamberger11,food
16,Annalise.McKenzie16,food
17,Norbert_Carroll35,food
22,Kenneth64,food
26,Josianne.Friesen,food
30,Kaley9,food
35,Lennie_Hartmann40,food
46,Malinda_Streich,food
79,Katarina.Dibbert,food
97,Tomas.Beatty93,food
2,Andre_Purdy85,food
3,Harley_Lind18,food
9,Gus93,food
18,Odessa2,food
27,Darwin29,food
32,Irwin.Larson,food
33,Yvette.Gottlieb91,food
39,Kelsi26,food
47,Harrison.Beatty50,food
63,Elenor88,food
67,Emilio_Bernier52,food
70,Erick5,food
73,Jaylan.Lakin,food
87,Rick29,food
98,Imani_Nicolas17,food
100,Javonte83,food
15,Billy52,food
43,Janet.Armstrong,food
84,Alysa22,food
99,Alek_Watsica,food
44,Seth46,food
65,Adelle96,food
93,Willie_Leuschke,food
96,Keenan.Schamberger60,food
37,Yazmin_Mills95,food
12,Dereck65,food
19,Hailee26,food
48,Granville_Kutch,food
78,Colten.Harris76,food
82,Aracely.Johnston98,food
11,Justina.Gaylord27,food
56,Peter.Stehr0,food
4,Arely_Bogan63,foodie
5,Aniya_Hackett,foodie
8,Tabitha_Schamberger11,foodie
13,Alexandro35,foodie
14,Jaclyn81,foodie
16,Annalise.McKenzie16,foodie
17,Norbert_Carroll35,foodie
21,Rocio33,foodie
22,Kenneth64,foodie
24,Maxwell.Halvorson,foodie
26,Josianne.Friesen,foodie
30,Kaley9,foodie
35,Lennie_Hartmann40,foodie
36,Ollie_Ledner37,foodie
41,Mckenna17,foodie
46,Malinda_Streich,foodie
54,Duane60,foodie
57,Julien_Schmidt,foodie
61,Jayson65,foodie
66,Mike.Auer39,foodie
69,Karley_Bosco,foodie
71,Nia_Haag,foodie
75,Leslie67,foodie
76,Janelle.Nikolaus81,foodie
79,Katarina.Dibbert,foodie
91,Bethany20,foodie
94,Damon35,foodie
97,Tomas.Beatty93,foodie
2,Andre_Purdy85,foodie
3,Harley_Lind18,foodie
6,Travon.Waters,foodie
9,Gus93,foodie
18,Odessa2,foodie
27,Darwin29,foodie
32,Irwin.Larson,foodie
33,Yvette.Gottlieb91,foodie
38,Jordyn.Jacobson2,foodie
39,Kelsi26,foodie
42,Maya.Farrell,foodie
47,Harrison.Beatty50,foodie
55,Meggie_Doyle,foodie
63,Elenor88,foodie
67,Emilio_Bernier52,foodie
70,Erick5,foodie
72,Kathryn80,foodie
73,Jaylan.Lakin,foodie
85,Milford_Gleichner42,foodie
87,Rick29,foodie
92,Frederik_Rice,foodie
98,Imani_Nicolas17,foodie
100,Javonte83,foodie
15,Billy52,foodie
20,Delpha.Kihn,foodie
31,Aiyana_Hoeger,foodie
40,Rafael.Hickle2,foodie
43,Janet.Armstrong,foodie
44,Seth46,foodie
62,Ressie_Stanton46,foodie
65,Adelle96,foodie
93,Willie_Leuschke,foodie
95,Nicole71,foodie
96,Keenan.Schamberger60,foodie
37,Yazmin_Mills95,foodie
50,Gerard79,foodie
10,Presley_McClure,foodie
11,Justina.Gaylord27,foodie
48,Granville_Kutch,foodie
52,Zack_Kemmer93,foodie
78,Colten.Harris76,foodie
82,Aracely.Johnston98,foodie
99,Alek_Watsica,foodie
28,Dario77,foodie
19,Hailee26,foodie
56,Peter.Stehr0,foodie
60,Sam52,foodie
84,Alysa22,foodie
12,Dereck65,foodie
2,Andre_Purdy85,fun
5,Aniya_Hackett,fun
9,Gus93,fun
10,Presley_McClure,fun
11,Justina.Gaylord27,fun
14,Jaclyn81,fun
19,Hailee26,fun
21,Rocio33,fun
24,Maxwell.Halvorson,fun
35,Lennie_Hartmann40,fun
36,Ollie_Ledner37,fun
41,Mckenna17,fun
46,Malinda_Streich,fun
47,Harrison.Beatty50,fun
54,Duane60,fun
55,Meggie_Doyle,fun
57,Julien_Schmidt,fun
66,Mike.Auer39,fun
69,Karley_Bosco,fun
71,Nia_Haag,fun
75,Leslie67,fun
76,Janelle.Nikolaus81,fun
78,Colten.Harris76,fun
82,Aracely.Johnston98,fun
91,Bethany20,fun
4,Arely_Bogan63,fun
12,Dereck65,fun
13,Alexandro35,fun
15,Billy52,fun
17,Norbert_Carroll35,fun
20,Delpha.Kihn,fun
28,Dario77,fun
31,Aiyana_Hoeger,fun
43,Janet.Armstrong,fun
52,Zack_Kemmer93,fun
56,Peter.Stehr0,fun
62,Ressie_Stanton46,fun
70,Erick5,fun
72,Kathryn80,fun
84,Alysa22,fun
85,Milford_Gleichner42,fun
87,Rick29,fun
92,Frederik_Rice,fun
96,Keenan.Schamberger60,fun
99,Alek_Watsica,fun
16,Annalise.McKenzie16,fun
27,Darwin29,fun
30,Kaley9,fun
32,Irwin.Larson,fun
38,Jordyn.Jacobson2,fun
61,Jayson65,fun
93,Willie_Leuschke,fun
94,Damon35,fun
100,Javonte83,fun
3,Harley_Lind18,fun
26,Josianne.Friesen,fun
37,Yazmin_Mills95,fun
39,Kelsi26,fun
44,Seth46,fun
50,Gerard79,fun
63,Elenor88,fun
73,Jaylan.Lakin,fun
98,Imani_Nicolas17,fun
22,Kenneth64,fun
33,Yvette.Gottlieb91,fun
97,Tomas.Beatty93,fun
6,Travon.Waters,fun
18,Odessa2,fun
40,Rafael.Hickle2,fun
42,Maya.Farrell,fun
48,Granville_Kutch,fun
60,Sam52,fun
65,Adelle96,fun
79,Katarina.Dibbert,fun
95,Nicole71,fun
67,Emilio_Bernier52,fun
8,Tabitha_Schamberger11,fun
4,Arely_Bogan63,hair
5,Aniya_Hackett,hair
6,Travon.Waters,hair
11,Justina.Gaylord27,hair
14,Jaclyn81,hair
17,Norbert_Carroll35,hair
21,Rocio33,hair
24,Maxwell.Halvorson,hair
26,Josianne.Friesen,hair
28,Dario77,hair
32,Irwin.Larson,hair
33,Yvette.Gottlieb91,hair
36,Ollie_Ledner37,hair
37,Yazmin_Mills95,hair
41,Mckenna17,hair
42,Maya.Farrell,hair
43,Janet.Armstrong,hair
44,Seth46,hair
47,Harrison.Beatty50,hair
54,Duane60,hair
55,Meggie_Doyle,hair
57,Julien_Schmidt,hair
66,Mike.Auer39,hair
71,Nia_Haag,hair
75,Leslie67,hair
76,Janelle.Nikolaus81,hair
78,Colten.Harris76,hair
82,Aracely.Johnston98,hair
91,Bethany20,hair
92,Frederik_Rice,hair
99,Alek_Watsica,hair
8,Tabitha_Schamberger11,hair
15,Billy52,hair
16,Annalise.McKenzie16,hair
22,Kenneth64,hair
30,Kaley9,hair
31,Aiyana_Hoeger,hair
35,Lennie_Hartmann40,hair
40,Rafael.Hickle2,hair
52,Zack_Kemmer93,hair
61,Jayson65,hair
65,Adelle96,hair
69,Karley_Bosco,hair
73,Jaylan.Lakin,hair
79,Katarina.Dibbert,hair
84,Alysa22,hair
87,Rick29,hair
3,Harley_Lind18,hair
20,Delpha.Kihn,hair
39,Kelsi26,hair
46,Malinda_Streich,hair
60,Sam52,hair
62,Ressie_Stanton46,hair
67,Emilio_Bernier52,hair
93,Willie_Leuschke,hair
97,Tomas.Beatty93,hair
10,Presley_McClure,hair
18,Odessa2,hair
19,Hailee26,hair
50,Gerard79,hair
85,Milford_Gleichner42,hair
98,Imani_Nicolas17,hair
100,Javonte83,hair
12,Dereck65,hair
13,Alexandro35,hair
27,Darwin29,hair
48,Granville_Kutch,hair
96,Keenan.Schamberger60,hair
9,Gus93,hair
94,Damon35,hair
72,Kathryn80,hair
63,Elenor88,hair
70,Erick5,hair
2,Andre_Purdy85,hair
38,Jordyn.Jacobson2,hair
56,Peter.Stehr0,hair
95,Nicole71,hair
2,Andre_Purdy85,happy
4,Arely_Bogan63,happy
5,Aniya_Hackett,happy
10,Presley_McClure,happy
11,Justina.Gaylord27,happy
12,Dereck65,happy
13,Alexandro35,happy
14,Jaclyn81,happy
15,Billy52,happy
17,Norbert_Carroll35,happy
20,Delpha.Kihn,happy
21,Rocio33,happy
24,Maxwell.Halvorson,happy
28,Dario77,happy
31,Aiyana_Hoeger,happy
36,Ollie_Ledner37,happy
41,Mckenna17,happy
43,Janet.Armstrong,happy
46,Malinda_Streich,happy
52,Zack_Kemmer93,happy
54,Duane60,happy
56,Peter.Stehr0,happy
57,Julien_Schmidt,happy
62,Ressie_Stanton46,happy
66,Mike.Auer39,happy
70,Erick5,happy
71,Nia_Haag,happy
72,Kathryn80,happy
75,Leslie67,happy
76,Janelle.Nikolaus81,happy
78,Colten.Harris76,happy
84,Alysa22,happy
85,Milford_Gleichner42,happy
87,Rick29,happy
91,Bethany20,happy
92,Frederik_Rice,happy
96,Keenan.Schamberger60,happy
99,Alek_Watsica,happy
3,Harley_Lind18,happy
9,Gus93,happy
16,Annalise.McKenzie16,happy
19,Hailee26,happy
26,Josianne.Friesen,happy
27,Darwin29,happy
35,Lennie_Hartmann40,happy
37,Yazmin_Mills95,happy
39,Kelsi26,happy
44,Seth46,happy
50,Gerard79,happy
55,Meggie_Doyle,happy
63,Elenor88,happy
73,Jaylan.Lakin,happy
93,Willie_Leuschke,happy
98,Imani_Nicolas17,happy
6,Travon.Waters,happy
33,Yvette.Gottlieb91,happy
42,Maya.Farrell,happy
61,Jayson65,happy
67,Emilio_Bernier52,happy
79,Katarina.Dibbert,happy
97,Tomas.Beatty93,happy
18,Odessa2,happy
32,Irwin.Larson,happy
47,Harrison.Beatty50,happy
60,Sam52,happy
69,Karley_Bosco,happy
22,Kenneth64,happy
40,Rafael.Hickle2,happy
94,Damon35,happy
100,Javonte83,happy
38,Jordyn.Jacobson2,happy
82,Aracely.Johnston98,happy
8,Tabitha_Schamberger11,happy
30,Kaley9,happy
48,Granville_Kutch,happy
65,Adelle96,happy
95,Nicole71,happy
3,Harley_Lind18,landscape
5,Aniya_Hackett,landscape
6,Travon.Waters,landscape
8,Tabitha_Schamberger11,landscape
14,Jaclyn81,landscape
17,Norbert_Carroll35,landscape
19,Hailee26,landscape
21,Rocio33,landscape
24,Maxwell.Halvorson,landscape
26,Josianne.Friesen,landscape
27,Darwin29,landscape
30,Kaley9,landscape
31,Aiyana_Hoeger,landscape
33,Yvette.Gottlieb91,landscape
36,Ollie_Ledner37,landscape
38,Jordyn.Jacobson2,landscape
40,Rafael.Hickle2,landscape
41,Mckenna17,landscape
44,Seth46,landscape
52,Zack_Kemmer93,landscape
54,Duane60,landscape
56,Peter.Stehr0,landscape
57,Julien_Schmidt,landscape
62,Ressie_Stanton46,landscape
63,Elenor88,landscape
66,Mike.Auer39,landscape
71,Nia_Haag,landscape
75,Leslie67,landscape
76,Janelle.Nikolaus81,landscape
82,Aracely.Johnston98,landscape
87,Rick29,landscape
91,Bethany20,landscape
92,Frederik_Rice,landscape
94,Damon35,landscape
95,Nicole71,landscape
96,Keenan.Schamberger60,landscape
2,Andre_Purdy85,landscape
12,Dereck65,landscape
13,Alexandro35,landscape
20,Delpha.Kihn,landscape
32,Irwin.Larson,landscape
43,Janet.Armstrong,landscape
47,Harrison.Beatty50,landscape
48,Granville_Kutch,landscape
50,Gerard79,landscape
60,Sam52,landscape
67,Emilio_Bernier52,landscape
72,Kathryn80,landscape
9,Gus93,landscape
10,Presley_McClure,landscape
18,Odessa2,landscape
22,Kenneth64,landscape
37,Yazmin_Mills95,landscape
61,Jayson65,landscape
65,Adelle96,landscape
69,Karley_Bosco,landscape
73,Jaylan.Lakin,landscape
84,Alysa22,landscape
97,Tomas.Beatty93,landscape
11,Justina.Gaylord27,landscape
16,Annalise.McKenzie16,landscape
39,Kelsi26,landscape
55,Meggie_Doyle,landscape
93,Willie_Leuschke,landscape
46,Malinda_Streich,landscape
79,Katarina.Dibbert,landscape
98,Imani_Nicolas17,landscape
99,Alek_Watsica,landscape
4,Arely_Bogan63,landscape
35,Lennie_Hartmann40,landscape
42,Maya.Farrell,landscape
78,Colten.Harris76,landscape
100,Javonte83,landscape
15,Billy52,landscape
85,Milford_Gleichner42,landscape
28,Dario77,landscape
